method,requested_components,components,stopping_epsilon,fit_seconds,total_seconds,max_residual,mean_residual,median_residual,max_relative_residual,mean_relative_residual,median_relative_residual,max_train_relative_residual,mean_train_relative_residual,median_train_relative_residual,max_test_relative_residual,mean_test_relative_residual,median_test_relative_residual,selected_indices,selected_original_indices,selected_radii
CPG,5,5,2.260909257029105821e-02,0.002368850,0.003646237,2.260909257029105821e-02,8.173565085719371529e-03,6.923120375127496395e-03,7.982893224656392728e-02,2.783523157593683489e-02,2.267103548728176265e-02,2.961726272985343300e-02,1.709384351867477073e-02,1.935884253100776664e-02,7.982893224656392728e-02,4.536065419568019452e-02,4.213248788597660083e-02,"[0, 30, 3, 5, 1]","[0, 30, 3, 5, 1]","[0.8, 1.1, 0.83, 0.85, 0.81]"
Angular Defect Greedy,5,5,2.260909257029105821e-02,0.004408075,0.005634231,2.260909257029105821e-02,8.173565085719371529e-03,6.923120375127496395e-03,7.982893224656392728e-02,2.783523157593683489e-02,2.267103548728176265e-02,2.961726272985343300e-02,1.709384351867477073e-02,1.935884253100776664e-02,7.982893224656392728e-02,4.536065419568019452e-02,4.213248788597660083e-02,"[0, 30, 3, 5, 1]","[0, 30, 3, 5, 1]","[0.8, 1.1, 0.83, 0.85, 0.81]"
CPG,6,6,2.260909257029105821e-02,0.003478449,0.006014133,2.260909257029105821e-02,6.942038601197741098e-03,4.893435865339539406e-03,7.982893224656392728e-02,2.376723949365701014e-02,1.588239529134613526e-02,2.467212990313529669e-02,1.063825348323840098e-02,1.051154376512582721e-02,7.982893224656392728e-02,4.518821666855052377e-02,4.213248788597660083e-02,"[0, 30, 3, 5, 1, 23]","[0, 30, 3, 5, 1, 23]","[0.8, 1.1, 0.83, 0.85, 0.81, 1.03]"
Angular Defect Greedy,6,6,2.260909257029105821e-02,0.005805150,0.008323469,2.260909257029105821e-02,6.942038601197741098e-03,4.893435865339539406e-03,7.982893224656392728e-02,2.376723949365701014e-02,1.588239529134613526e-02,2.467212990313529669e-02,1.063825348323840098e-02,1.051154376512582721e-02,7.982893224656392728e-02,4.518821666855052377e-02,4.213248788597660083e-02,"[0, 30, 3, 5, 1, 23]","[0, 30, 3, 5, 1, 23]","[0.8, 1.1, 0.83, 0.85, 0.81, 1.03]"
CPG,7,7,2.260485228340971403e-02,0.004302222,0.008128955,2.260485228340971403e-02,6.764930303343823746e-03,4.473896642663665116e-03,7.981396050132009978e-02,2.320360024578365862e-02,1.454191780734828687e-02,2.382572548526452200e-02,9.730742364965828950e-03,1.019513906653822521e-02,7.981396050132009978e-02,4.518563152501273855e-02,4.213248788597660083e-02,"[0, 30, 3, 5, 1, 23, 2]","[0, 30, 3, 5, 1, 23, 2]","[0.8, 1.1, 0.83, 0.85, 0.81, 1.03, 0.82]"
Angular Defect Greedy,7,7,2.260485228340971403e-02,0.007156110,0.010946900,2.260485228340971403e-02,6.764930303343823746e-03,4.473896642663665116e-03,7.981396050132009978e-02,2.320360024578365862e-02,1.454191780734828687e-02,2.382572548526452200e-02,9.730742364965828950e-03,1.019513906653822521e-02,7.981396050132009978e-02,4.518563152501273855e-02,4.213248788597660083e-02,"[0, 30, 3, 5, 1, 23, 2]","[0, 30, 3, 5, 1, 23, 2]","[0.8, 1.1, 0.83, 0.85, 0.81, 1.03, 0.82]"
CPG,8,8,2.260485228340971403e-02,0.005112063,0.010208328,2.260485228340971403e-02,6.471938198356785854e-03,3.989146918877150422e-03,7.981396050132009978e-02,2.225828711979609478e-02,1.303253858156824124e-02,1.783528396952048165e-02,8.206043774663307130e-03,9.463451309498490532e-03,7.981396050132009978e-02,4.518563152501273855e-02,4.213248788597660083e-02,"[0, 30, 3, 5, 1, 23, 2, 7]","[0, 30, 3, 5, 1, 23, 2, 7]","[0.8, 1.1, 0.83, 0.85, 0.81, 1.03, 0.82, 0.87]"
Angular Defect Greedy,8,8,2.260485228340971403e-02,0.008540811,0.013615518,2.260485228340971403e-02,6.471938198356785854e-03,3.989146918877150422e-03,7.981396050132009978e-02,2.225828711979609478e-02,1.303253858156824124e-02,1.783528396952048165e-02,8.206043774663307130e-03,9.463451309498490532e-03,7.981396050132009978e-02,4.518563152501273855e-02,4.213248788597660083e-02,"[0, 30, 3, 5, 1, 23, 2, 7]","[0, 30, 3, 5, 1, 23, 2, 7]","[0.8, 1.1, 0.83, 0.85, 0.81, 1.03, 0.82, 0.87]"
CPG,9,9,2.260485228340971403e-02,0.006198003,0.012827177,2.260485228340971403e-02,6.357993336434342342e-03,3.891817853989989508e-03,7.981396050132009978e-02,2.189566562162492333e-02,1.294999043184057522e-02,1.722611030978945038e-02,7.621170390516260849e-03,8.554464382328456559e-03,7.981396050132009978e-02,4.518563152501273855e-02,4.213248788597660083e-02,"[0, 30, 3, 5, 1, 23, 2, 7, 4]","[0, 30, 3, 5, 1, 23, 2, 7, 4]","[0.8, 1.1, 0.83, 0.85, 0.81, 1.03, 0.82, 0.87, 0.84]"
Angular Defect Greedy,9,9,2.260485228340971403e-02,0.009971487,0.016490194,2.260485228340971403e-02,6.357993336434342342e-03,3.891817853989989508e-03,7.981396050132009978e-02,2.189566562162492333e-02,1.294999043184057522e-02,1.722611030978945038e-02,7.621170390516260849e-03,8.554464382328456559e-03,7.981396050132009978e-02,4.518563152501273855e-02,4.213248788597660083e-02,"[0, 30, 3, 5, 1, 23, 2, 7, 4]","[0, 30, 3, 5, 1, 23, 2, 7, 4]","[0.8, 1.1, 0.83, 0.85, 0.81, 1.03, 0.82, 0.87, 0.84]"
CPG,10,10,2.022811492451572282e-02,0.007138701,0.015176307,2.022811492451572282e-02,5.955323209532438489e-03,3.602785637288101039e-03,7.101093372299395468e-02,2.051068985072653991e-02,1.190813080092534629e-02,1.562472859462024632e-02,6.619214845944536643e-03,7.392798721305028631e-03,7.101093372299395468e-02,4.317572801642349800e-02,4.210126956144919635e-02,"[0, 30, 3, 5, 1, 23, 2, 7, 4, 29]","[0, 30, 3, 5, 1, 23, 2, 7, 4, 29]","[0.8, 1.1, 0.83, 0.85, 0.81, 1.03, 0.82, 0.87, 0.84, 1.09]"
Angular Defect Greedy,10,10,2.022811492451572282e-02,0.011464078,0.019413237,2.022811492451572282e-02,5.955323209532438489e-03,3.602785637288101039e-03,7.101093372299395468e-02,2.051068985072653991e-02,1.190813080092534629e-02,1.562472859462024632e-02,6.619214845944536643e-03,7.392798721305028631e-03,7.101093372299395468e-02,4.317572801642349800e-02,4.210126956144919635e-02,"[0, 30, 3, 5, 1, 23, 2, 7, 4, 29]","[0, 30, 3, 5, 1, 23, 2, 7, 4, 29]","[0.8, 1.1, 0.83, 0.85, 0.81, 1.03, 0.82, 0.87, 0.84, 1.09]"
CPG,11,11,2.022811492451572282e-02,0.008099360,0.017573656,2.022811492451572282e-02,5.783653126366971285e-03,3.401849804544635099e-03,7.101093372299395468e-02,1.995347849716127414e-02,1.128247959548939888e-02,1.307643794539907825e-02,5.720486856323133383e-03,6.462779243117986773e-03,7.101093372299395468e-02,4.317572801642349800e-02,4.210126956144919635e-02,"[0, 30, 3, 5, 1, 23, 2, 7, 4, 29, 9]","[0, 30, 3, 5, 1, 23, 2, 7, 4, 29, 9]","[0.8, 1.1, 0.83, 0.85, 0.81, 1.03, 0.82, 0.87, 0.84, 1.09, 0.89]"
Angular Defect Greedy,11,11,2.022811492451572282e-02,0.012979237,0.022374114,2.022811492451572282e-02,5.783653126366971285e-03,3.401849804544635099e-03,7.101093372299395468e-02,1.995347849716127414e-02,1.128247959548939888e-02,1.307643794539907825e-02,5.720486856323133383e-03,6.462779243117986773e-03,7.101093372299395468e-02,4.317572801642349800e-02,4.210126956144919635e-02,"[0, 30, 3, 5, 1, 23, 2, 7, 4, 29, 9]","[0, 30, 3, 5, 1, 23, 2, 7, 4, 29, 9]","[0.8, 1.1, 0.83, 0.85, 0.81, 1.03, 0.82, 0.87, 0.84, 1.09, 0.89]"
CPG,12,12,2.022811492451572282e-02,0.009503594,0.020519854,2.022811492451572282e-02,5.697825263380874514e-03,3.356422794743844050e-03,7.101093372299395468e-02,1.967696365736167075e-02,1.118117998624070658e-02,1.275747088280619786e-02,5.274495179226999265e-03,5.635089389909833830e-03,7.101093372299395468e-02,4.317572801642349800e-02,4.210126956144919635e-02,"[0, 30, 3, 5, 1, 23, 2, 7, 4, 29, 9, 8]","[0, 30, 3, 5, 1, 23, 2, 7, 4, 29, 9, 8]","[0.8, 1.1, 0.83, 0.85, 0.81, 1.03, 0.82, 0.87, 0.84, 1.09, 0.89, 0.88]"
Angular Defect Greedy,12,12,2.022811492451572282e-02,0.014632475,0.025520191,2.022811492451572282e-02,5.557496653753541196e-03,2.579539724473450465e-03,7.101093372299395468e-02,1.921532882878599496e-02,8.576394715744554975e-03,1.255809200616084947e-02,4.529922875072682313e-03,5.066638142798294935e-03,7.101093372299395468e-02,4.317572801642349800e-02,4.210126956144919635e-02,"[0, 30, 3, 5, 1, 23, 2, 7, 4, 29, 9, 12]","[0, 30, 3, 5, 1, 23, 2, 7, 4, 29, 9, 12]","[0.8, 1.1, 0.83, 0.85, 0.81, 1.03, 0.82, 0.87, 0.84, 1.09, 0.89, 0.92]"
CPG,13,13,2.022811492451572282e-02,0.010535745,0.023115915,2.022811492451572282e-02,5.479094116414156418e-03,2.481397387325516915e-03,7.101093372299395468e-02,1.896292742947461307e-02,8.267843603562120836e-03,1.130386788116625497e-02,4.122823843925294517e-03,4.547963371275528903e-03,7.101093372299395468e-02,4.317572801642349800e-02,4.210126956144919635e-02,"[0, 30, 3, 5, 1, 23, 2, 7, 4, 29, 9, 8, 12]","[0, 30, 3, 5, 1, 23, 2, 7, 4, 29, 9, 8, 12]","[0.8, 1.1, 0.83, 0.85, 0.81, 1.03, 0.82, 0.87, 0.84, 1.09, 0.89, 0.88, 0.92]"
Angular Defect Greedy,13,13,2.022811492451572282e-02,0.016227494,0.028639121,2.022811492451572282e-02,5.479094116414156418e-03,2.481397387325516915e-03,7.101093372299395468e-02,1.896292742947461307e-02,8.267843603562120836e-03,1.130386788116625497e-02,4.122823843925295384e-03,4.547963371275537577e-03,7.101093372299395468e-02,4.317572801642349800e-02,4.210126956144919635e-02,"[0, 30, 3, 5, 1, 23, 2, 7, 4, 29, 9, 12, 8]","[0, 30, 3, 5, 1, 23, 2, 7, 4, 29, 9, 12, 8]","[0.8, 1.1, 0.83, 0.85, 0.81, 1.03, 0.82, 0.87, 0.84, 1.09, 0.89, 0.92, 0.88]"
CPG,14,14,2.022811492451572282e-02,0.011605955,0.025745924,2.022811492451572282e-02,5.409312997428818680e-03,2.351545438916142605e-03,7.101093372299395468e-02,1.873953865650173148e-02,7.813941663579888550e-03,1.130386788116625497e-02,3.762519371388394623e-03,3.914924560959130023e-03,7.101093372299395468e-02,4.317572801642349800e-02,4.210126956144919635e-02,"[0, 30, 3, 5, 1, 23, 2, 7, 4, 29, 9, 8, 12, 6]","[0, 30, 3, 5, 1, 23, 2, 7, 4, 29, 9, 8, 12, 6]","[0.8, 1.1, 0.83, 0.85, 0.81, 1.03, 0.82, 0.87, 0.84, 1.09, 0.89, 0.88, 0.92, 0.86]"
Angular Defect Greedy,14,14,1.910544925334037997e-02,0.018258886,0.032310918,1.910544925334037997e-02,5.243474710368614330e-03,2.351545438916142171e-03,6.745815247752069699e-02,1.815062203209241373e-02,7.734051168311861443e-03,1.110234228540620503e-02,3.620486023319622292e-03,3.911620330250538922e-03,6.745815247752069699e-02,4.185768604640591889e-02,4.209424771923629682e-02,"[0, 30, 3, 5, 1, 23, 2, 7, 4, 29, 9, 12, 8, 28]","[0, 30, 3, 5, 1, 23, 2, 7, 4, 29, 9, 12, 8, 28]","[0.8, 1.1, 0.83, 0.85, 0.81, 1.03, 0.82, 0.87, 0.84, 1.09, 0.89, 0.92, 0.88, 1.08]"
CPG,15,15,1.910544925334037997e-02,0.012742137,0.028540172,1.910544925334037997e-02,5.172869124533375010e-03,2.186297234319093015e-03,6.745815247752069699e-02,1.792445051109804732e-02,7.291164583497423274e-03,8.756813486426972062e-03,3.255693247522257073e-03,2.758159266245664015e-03,6.745815247752069699e-02,4.185768604640591889e-02,4.209424771923629682e-02,"[0, 30, 3, 5, 1, 23, 2, 7, 4, 29, 9, 8, 12, 6, 28]","[0, 30, 3, 5, 1, 23, 2, 7, 4, 29, 9, 8, 12, 6, 28]","[0.8, 1.1, 0.83, 0.85, 0.81, 1.03, 0.82, 0.87, 0.84, 1.09, 0.89, 0.88, 0.92, 0.86, 1.08]"
Angular Defect Greedy,15,15,1.910544925334037997e-02,0.019946429,0.035613226,1.910544925334037997e-02,5.172869124533375877e-03,2.186297234319091280e-03,6.745815247752069699e-02,1.792445051109804732e-02,7.291164583497418070e-03,8.756813486426965124e-03,3.255693247522259675e-03,2.758159266245664015e-03,6.745815247752069699e-02,4.185768604640591889e-02,4.209424771923629682e-02,"[0, 30, 3, 5, 1, 23, 2, 7, 4, 29, 9, 12, 8, 28, 6]","[0, 30, 3, 5, 1, 23, 2, 7, 4, 29, 9, 12, 8, 28, 6]","[0.8, 1.1, 0.83, 0.85, 0.81, 1.03, 0.82, 0.87, 0.84, 1.09, 0.89, 0.92, 0.88, 1.08, 0.86]"
CPG,16,16,1.910544925334037997e-02,0.013881144,0.031339638,1.910544925334037997e-02,5.084286216281990074e-03,1.973194120450618393e-03,6.745815247752069699e-02,1.763582758320329444e-02,6.577366184383827072e-03,8.539708746175187631e-03,2.790172396079104028e-03,2.518618652323836057e-16,6.745815247752069699e-02,4.185768604640591889e-02,4.209424771923629682e-02,"[0, 30, 3, 5, 1, 23, 2, 7, 4, 29, 9, 8, 12, 6, 28, 11]","[0, 30, 3, 5, 1, 23, 2, 7, 4, 29, 9, 8, 12, 6, 28, 11]","[0.8, 1.1, 0.83, 0.85, 0.81, 1.03, 0.82, 0.87, 0.84, 1.09, 0.89, 0.88, 0.92, 0.86, 1.08, 0.91]"
Angular Defect Greedy,16,16,1.910544925334037997e-02,0.021616972,0.038972782,1.910544925334037997e-02,5.084286216281990942e-03,1.973194120450620127e-03,6.745815247752069699e-02,1.763582758320329444e-02,6.577366184383834011e-03,8.539708746175187631e-03,2.790172396079106196e-03,2.518618652323836057e-16,6.745815247752069699e-02,4.185768604640591889e-02,4.209424771923629682e-02,"[0, 30, 3, 5, 1, 23, 2, 7, 4, 29, 9, 12, 8, 28, 6, 11]","[0, 30, 3, 5, 1, 23, 2, 7, 4, 29, 9, 12, 8, 28, 6, 11]","[0.8, 1.1, 0.83, 0.85, 0.81, 1.03, 0.82, 0.87, 0.84, 1.09, 0.89, 0.92, 0.88, 1.08, 0.86, 0.91]"
CPG,17,17,1.910544925334037997e-02,0.015487212,0.034719068,1.910544925334037997e-02,5.018437946110215070e-03,1.766064887214231684e-03,6.745815247752069699e-02,1.741366486651119844e-02,5.915791623912914493e-03,7.648528207205887788e-03,2.432062004570393135e-03,2.367903562679364615e-16,6.745815247752069699e-02,4.185733269388830502e-02,4.209424771923629682e-02,"[0, 30, 3, 5, 1, 23, 2, 7, 4, 29, 9, 8, 12, 6, 28, 11, 27]","[0, 30, 3, 5, 1, 23, 2, 7, 4, 29, 9, 8, 12, 6, 28, 11, 27]","[0.8, 1.1, 0.83, 0.85, 0.81, 1.03, 0.82, 0.87, 0.84, 1.09, 0.89, 0.88, 0.92, 0.86, 1.08, 0.91, 1.07]"
Angular Defect Greedy,17,17,1.910544925334037997e-02,0.023457534,0.042576033,1.910544925334037997e-02,5.018437946110215070e-03,1.766064887214231684e-03,6.745815247752069699e-02,1.741366486651120191e-02,5.915791623912914493e-03,7.648528207205909472e-03,2.432062004570394870e-03,2.367903562679364615e-16,6.745815247752069699e-02,4.185733269388830502e-02,4.209424771923629682e-02,"[0, 30, 3, 5, 1, 23, 2, 7, 4, 29, 9, 12, 8, 28, 6, 11, 27]","[0, 30, 3, 5, 1, 23, 2, 7, 4, 29, 9, 12, 8, 28, 6, 11, 27]","[0.8, 1.1, 0.83, 0.85, 0.81, 1.03, 0.82, 0.87, 0.84, 1.09, 0.89, 0.92, 0.88, 1.08, 0.86, 0.91, 1.07]"
CPG,18,18,1.910544925334037997e-02,0.016728320,0.037812254,1.910544925334037997e-02,4.870896936174274813e-03,1.065997919300740735e-03,6.745815247752069699e-02,1.692780977900069581e-02,3.520803824798715304e-03,7.152999968485263503e-03,1.648424766650225838e-03,2.353740490344634173e-16,6.745815247752069699e-02,4.185733269388830502e-02,4.209424771923629682e-02,"[0, 30, 3, 5, 1, 23, 2, 7, 4, 29, 9, 8, 12, 6, 28, 11, 27, 16]","[0, 30, 3, 5, 1, 23, 2, 7, 4, 29, 9, 8, 12, 6, 28, 11, 27, 16]","[0.8, 1.1, 0.83, 0.85, 0.81, 1.03, 0.82, 0.87, 0.84, 1.09, 0.89, 0.88, 0.92, 0.86, 1.08, 0.91, 1.07, 0.96]"
Angular Defect Greedy,18,18,1.910544925334037997e-02,0.025269456,0.046204792,1.910544925334037997e-02,4.870896936174275681e-03,1.065997919300740735e-03,6.745815247752069699e-02,1.692780977900069581e-02,3.520803824798715304e-03,7.152999968485263503e-03,1.648424766650226705e-03,2.353740490344634173e-16,6.745815247752069699e-02,4.185733269388830502e-02,4.209424771923629682e-02,"[0, 30, 3, 5, 1, 23, 2, 7, 4, 29, 9, 12, 8, 28, 6, 11, 27, 16]","[0, 30, 3, 5, 1, 23, 2, 7, 4, 29, 9, 12, 8, 28, 6, 11, 27, 16]","[0.8, 1.1, 0.83, 0.85, 0.81, 1.03, 0.82, 0.87, 0.84, 1.09, 0.89, 0.92, 0.88, 1.08, 0.86, 0.91, 1.07, 0.96]"
CPG,19,19,1.910544925334037997e-02,0.018057528,0.041450896,1.910544925334037997e-02,4.825745055230443691e-03,8.782028113686916534e-04,6.745815247752069699e-02,1.678157347942675973e-02,2.873786630289826977e-03,7.052138354798710707e-03,1.412559767337426752e-03,2.353740490344634173e-16,6.745815247752069699e-02,4.185733269388830502e-02,4.209424771923629682e-02,"[0, 30, 3, 5, 1, 23, 2, 7, 4, 29, 9, 8, 12, 6, 28, 11, 27, 16, 10]","[0, 30, 3, 5, 1, 23, 2, 7, 4, 29, 9, 8, 12, 6, 28, 11, 27, 16, 10]","[0.8, 1.1, 0.83, 0.85, 0.81, 1.03, 0.82, 0.87, 0.84, 1.09, 0.89, 0.88, 0.92, 0.86, 1.08, 0.91, 1.07, 0.96, 0.9]"
Angular Defect Greedy,19,19,1.910544925334037997e-02,0.027182189,0.050114771,1.910544925334037997e-02,4.825745055230444558e-03,8.782028113686934966e-04,6.745815247752069699e-02,1.678157347942675973e-02,2.873786630289832181e-03,7.052138354798710707e-03,1.412559767337428053e-03,2.353740490344634173e-16,6.745815247752069699e-02,4.185733269388830502e-02,4.209424771923629682e-02,"[0, 30, 3, 5, 1, 23, 2, 7, 4, 29, 9, 12, 8, 28, 6, 11, 27, 16, 10]","[0, 30, 3, 5, 1, 23, 2, 7, 4, 29, 9, 12, 8, 28, 6, 11, 27, 16, 10]","[0.8, 1.1, 0.83, 0.85, 0.81, 1.03, 0.82, 0.87, 0.84, 1.09, 0.89, 0.92, 0.88, 1.08, 0.86, 0.91, 1.07, 0.96, 0.9]"
CPG,20,20,1.910544925334037997e-02,0.019419338,0.044821957,1.910544925334037997e-02,4.779907975129104973e-03,7.975209718545611497e-04,6.745815247752069699e-02,1.662698782335935571e-02,2.633832918843469206e-03,5.917529560592528493e-03,1.166664603336736890e-03,1.644866546860080642e-16,6.745815247752069699e-02,4.185172570865941521e-02,4.209424771923629682e-02,"[0, 30, 3, 5, 1, 23, 2, 7, 4, 29, 9, 8, 12, 6, 28, 11, 27, 16, 10, 26]","[0, 30, 3, 5, 1, 23, 2, 7, 4, 29, 9, 8, 12, 6, 28, 11, 27, 16, 10, 26]","[0.8, 1.1, 0.83, 0.85, 0.81, 1.03, 0.82, 0.87, 0.84, 1.09, 0.89, 0.88, 0.92, 0.86, 1.08, 0.91, 1.07, 0.96, 0.9, 1.06]"
Angular Defect Greedy,20,20,1.910544925334037997e-02,0.029148290,0.054050459,1.910544925334037997e-02,4.779907975129104973e-03,7.975209718545628844e-04,6.745815247752069699e-02,1.662698782335935571e-02,2.633832918843474844e-03,5.917529560592528493e-03,1.166664603336737757e-03,1.644866546860080642e-16,6.745815247752069699e-02,4.185172570865941521e-02,4.209424771923629682e-02,"[0, 30, 3, 5, 1, 23, 2, 7, 4, 29, 9, 12, 8, 28, 6, 11, 27, 16, 10, 26]","[0, 30, 3, 5, 1, 23, 2, 7, 4, 29, 9, 12, 8, 28, 6, 11, 27, 16, 10, 26]","[0.8, 1.1, 0.83, 0.85, 0.81, 1.03, 0.82, 0.87, 0.84, 1.09, 0.89, 0.92, 0.88, 1.08, 0.86, 0.91, 1.07, 0.96, 0.9, 1.06]"
CPG,21,21,1.910544925334037997e-02,0.020840115,0.048788878,1.910544925334037997e-02,4.701633495522692524e-03,5.914679835255624591e-04,6.745815247752069699e-02,1.636650118236020190e-02,1.982964026869965708e-03,5.885893671068370692e-03,7.465248597897161317e-04,1.564549530535249163e-16,6.745815247752069699e-02,4.185172570865941521e-02,4.209424771923629682e-02,"[0, 30, 3, 5, 1, 23, 2, 7, 4, 29, 9, 8, 12, 6, 28, 11, 27, 16, 10, 26, 20]","[0, 30, 3, 5, 1, 23, 2, 7, 4, 29, 9, 8, 12, 6, 28, 11, 27, 16, 10, 26, 20]","[0.8, 1.1, 0.83, 0.85, 0.81, 1.03, 0.82, 0.87, 0.84, 1.09, 0.89, 0.88, 0.92, 0.86, 1.08, 0.91, 1.07, 0.96, 0.9, 1.06, 1.0]"
Angular Defect Greedy,21,21,1.910544925334037997e-02,0.031170436,0.058150176,1.910544925334037997e-02,4.735698609688620761e-03,7.142776118350867504e-04,6.745815247752069699e-02,1.647840113424808850e-02,2.361620035233383957e-03,5.528980405487362616e-03,9.270086531572727323e-04,1.564549530535249163e-16,6.745815247752069699e-02,4.185172570865941521e-02,4.209424771923629682e-02,"[0, 30, 3, 5, 1, 23, 2, 7, 4, 29, 9, 12, 8, 28, 6, 11, 27, 16, 10, 26, 25]","[0, 30, 3, 5, 1, 23, 2, 7, 4, 29, 9, 12, 8, 28, 6, 11, 27, 16, 10, 26, 25]","[0.8, 1.1, 0.83, 0.85, 0.81, 1.03, 0.82, 0.87, 0.84, 1.09, 0.89, 0.92, 0.88, 1.08, 0.86, 0.91, 1.07, 0.96, 0.9, 1.06, 1.05]"
CPG,22,22,1.910544925334037997e-02,0.022297366,0.052261542,1.910544925334037997e-02,4.665393191322625595e-03,4.291717134798028006e-04,6.745815247752069699e-02,1.624446331398479021e-02,1.431191141334566073e-03,3.048712470414815905e-03,5.496895882164726157e-04,1.481802455266760109e-16,6.745815247752069699e-02,4.185172570865941521e-02,4.209424771923629682e-02,"[0, 30, 3, 5, 1, 23, 2, 7, 4, 29, 9, 8, 12, 6, 28, 11, 27, 16, 10, 26, 20, 25]","[0, 30, 3, 5, 1, 23, 2, 7, 4, 29, 9, 8, 12, 6, 28, 11, 27, 16, 10, 26, 20, 25]","[0.8, 1.1, 0.83, 0.85, 0.81, 1.03, 0.82, 0.87, 0.84, 1.09, 0.89, 0.88, 0.92, 0.86, 1.08, 0.91, 1.07, 0.96, 0.9, 1.06, 1.0, 1.05]"
Angular Defect Greedy,22,22,1.910544925334037997e-02,0.033218526,0.062233777,1.910544925334037997e-02,4.665393191322625595e-03,4.291717134798028006e-04,6.745815247752069699e-02,1.624446331398479021e-02,1.431191141334566073e-03,3.048712470414815905e-03,5.496895882164735915e-04,1.481802455266760109e-16,6.745815247752069699e-02,4.185172570865941521e-02,4.209424771923629682e-02,"[0, 30, 3, 5, 1, 23, 2, 7, 4, 29, 9, 12, 8, 28, 6, 11, 27, 16, 10, 26, 25, 20]","[0, 30, 3, 5, 1, 23, 2, 7, 4, 29, 9, 12, 8, 28, 6, 11, 27, 16, 10, 26, 25, 20]","[0.8, 1.1, 0.83, 0.85, 0.81, 1.03, 0.82, 0.87, 0.84, 1.09, 0.89, 0.92, 0.88, 1.08, 0.86, 0.91, 1.07, 0.96, 0.9, 1.06, 1.05, 1.0]"
CPG,23,23,1.910544925334037997e-02,0.023756531,0.056051828,1.910544925334037997e-02,4.643513451610630990e-03,3.085859682709716492e-04,6.745815247752069699e-02,1.617274528044896492e-02,1.023179788584019628e-03,2.294499008461052363e-03,4.340153405780470988e-04,1.307637261282080591e-16,6.745815247752069699e-02,4.185172570865941521e-02,4.209424771923629682e-02,"[0, 30, 3, 5, 1, 23, 2, 7, 4, 29, 9, 8, 12, 6, 28, 11, 27, 16, 10, 26, 20, 25, 15]","[0, 30, 3, 5, 1, 23, 2, 7, 4, 29, 9, 8, 12, 6, 28, 11, 27, 16, 10, 26, 20, 25, 15]","[0.8, 1.1, 0.83, 0.85, 0.81, 1.03, 0.82, 0.87, 0.84, 1.09, 0.89, 0.88, 0.92, 0.86, 1.08, 0.91, 1.07, 0.96, 0.9, 1.06, 1.0, 1.05, 0.95]"
Angular Defect Greedy,23,23,1.910544925334037997e-02,0.035296752,0.066439984,1.910544925334037997e-02,4.643513451610630990e-03,3.085859682709716492e-04,6.745815247752069699e-02,1.617274528044896492e-02,1.023179788584019628e-03,2.294499008461052363e-03,4.340153405780472614e-04,1.307637261282080591e-16,6.745815247752069699e-02,4.185172570865941521e-02,4.209424771923629682e-02,"[0, 30, 3, 5, 1, 23, 2, 7, 4, 29, 9, 12, 8, 28, 6, 11, 27, 16, 10, 26, 25, 20, 15]","[0, 30, 3, 5, 1, 23, 2, 7, 4, 29, 9, 12, 8, 28, 6, 11, 27, 16, 10, 26, 25, 20, 15]","[0.8, 1.1, 0.83, 0.85, 0.81, 1.03, 0.82, 0.87, 0.84, 1.09, 0.89, 0.92, 0.88, 1.08, 0.86, 0.91, 1.07, 0.96, 0.9, 1.06, 1.05, 1.0, 0.95]"
CPG,24,24,1.910544925334037997e-02,0.025291311,0.059699829,1.910544925334037997e-02,4.628257688352876639e-03,2.567044460793370029e-04,6.745815247752069699e-02,1.612283471620033770e-02,8.483182017769236522e-04,2.240372228334210070e-03,3.535144304996115758e-04,1.041285848999739275e-16,6.745815247752069699e-02,4.185172570865941521e-02,4.209424771923629682e-02,"[0, 30, 3, 5, 1, 23, 2, 7, 4, 29, 9, 8, 12, 6, 28, 11, 27, 16, 10, 26, 20, 25, 15, 14]","[0, 30, 3, 5, 1, 23, 2, 7, 4, 29, 9, 8, 12, 6, 28, 11, 27, 16, 10, 26, 20, 25, 15, 14]","[0.8, 1.1, 0.83, 0.85, 0.81, 1.03, 0.82, 0.87, 0.84, 1.09, 0.89, 0.88, 0.92, 0.86, 1.08, 0.91, 1.07, 0.96, 0.9, 1.06, 1.0, 1.05, 0.95, 0.94]"
Angular Defect Greedy,24,24,1.910544925334037997e-02,0.037386998,0.070675342,1.910544925334037997e-02,4.628257688352876639e-03,2.567044460793370029e-04,6.745815247752069699e-02,1.612283471620033770e-02,8.483182017769236522e-04,2.240372228334210070e-03,3.535144304996123889e-04,1.041285848999739275e-16,6.745815247752069699e-02,4.185172570865941521e-02,4.209424771923629682e-02,"[0, 30, 3, 5, 1, 23, 2, 7, 4, 29, 9, 12, 8, 28, 6, 11, 27, 16, 10, 26, 25, 20, 15, 14]","[0, 30, 3, 5, 1, 23, 2, 7, 4, 29, 9, 12, 8, 28, 6, 11, 27, 16, 10, 26, 25, 20, 15, 14]","[0.8, 1.1, 0.83, 0.85, 0.81, 1.03, 0.82, 0.87, 0.84, 1.09, 0.89, 0.92, 0.88, 1.08, 0.86, 0.91, 1.07, 0.96, 0.9, 1.06, 1.05, 1.0, 0.95, 0.94]"
CPG,25,25,1.910544925334037997e-02,0.026887281,0.063948163,1.910544925334037997e-02,4.608252545792711555e-03,1.027504233618879091e-04,6.745815247752069699e-02,1.605603262274376414e-02,3.436047793523167981e-04,2.086905621553966726e-03,2.457691184728862436e-04,1.041285848999739275e-16,6.745815247752069699e-02,4.185172570865941521e-02,4.209424771923629682e-02,"[0, 30, 3, 5, 1, 23, 2, 7, 4, 29, 9, 8, 12, 6, 28, 11, 27, 16, 10, 26, 20, 25, 15, 14, 21]","[0, 30, 3, 5, 1, 23, 2, 7, 4, 29, 9, 8, 12, 6, 28, 11, 27, 16, 10, 26, 20, 25, 15, 14, 21]","[0.8, 1.1, 0.83, 0.85, 0.81, 1.03, 0.82, 0.87, 0.84, 1.09, 0.89, 0.88, 0.92, 0.86, 1.08, 0.91, 1.07, 0.96, 0.9, 1.06, 1.0, 1.05, 0.95, 0.94, 1.01]"
Angular Defect Greedy,25,25,1.910544925334037997e-02,0.039588045,0.075167010,1.910544925334037997e-02,4.608252545792711555e-03,1.027504233618879091e-04,6.745815247752069699e-02,1.605603262274377108e-02,3.436047793523167981e-04,2.086905621553966726e-03,2.457691184728870567e-04,1.041285848999739275e-16,6.745815247752069699e-02,4.185172570865941521e-02,4.209424771923629682e-02,"[0, 30, 3, 5, 1, 23, 2, 7, 4, 29, 9, 12, 8, 28, 6, 11, 27, 16, 10, 26, 25, 20, 15, 14, 21]","[0, 30, 3, 5, 1, 23, 2, 7, 4, 29, 9, 12, 8, 28, 6, 11, 27, 16, 10, 26, 25, 20, 15, 14, 21]","[0.8, 1.1, 0.83, 0.85, 0.81, 1.03, 0.82, 0.87, 0.84, 1.09, 0.89, 0.92, 0.88, 1.08, 0.86, 0.91, 1.07, 0.96, 0.9, 1.06, 1.05, 1.0, 0.95, 0.94, 1.01]"
CPG,26,26,1.910544925334037997e-02,0.028549516,0.067904967,1.910544925334037997e-02,4.595552199725917372e-03,9.235642421022033187e-17,6.745815247752069699e-02,1.601457960655628190e-02,3.028047279120164761e-16,2.086905621553966726e-03,1.789094149446837743e-04,1.041285848999739275e-16,6.745815247752069699e-02,4.185172570865941521e-02,4.209424771923629682e-02,"[0, 30, 3, 5, 1, 23, 2, 7, 4, 29, 9, 8, 12, 6, 28, 11, 27, 16, 10, 26, 20, 25, 15, 14, 21, 13]","[0, 30, 3, 5, 1, 23, 2, 7, 4, 29, 9, 8, 12, 6, 28, 11, 27, 16, 10, 26, 20, 25, 15, 14, 21, 13]","[0.8, 1.1, 0.83, 0.85, 0.81, 1.03, 0.82, 0.87, 0.84, 1.09, 0.89, 0.88, 0.92, 0.86, 1.08, 0.91, 1.07, 0.96, 0.9, 1.06, 1.0, 1.05, 0.95, 0.94, 1.01, 0.93]"
Angular Defect Greedy,26,26,1.910544925334037997e-02,0.041796357,0.079675515,1.910544925334037997e-02,4.595448951063795667e-03,9.235642421022033187e-17,6.745815247752069699e-02,1.601303473583918363e-02,3.028047279120164761e-16,2.072650809374386623e-03,1.764176879816176677e-04,1.041285848999739275e-16,6.745815247752069699e-02,4.185172570865941521e-02,4.209424771923629682e-02,"[0, 30, 3, 5, 1, 23, 2, 7, 4, 29, 9, 12, 8, 28, 6, 11, 27, 16, 10, 26, 25, 20, 15, 14, 21, 24]","[0, 30, 3, 5, 1, 23, 2, 7, 4, 29, 9, 12, 8, 28, 6, 11, 27, 16, 10, 26, 25, 20, 15, 14, 21, 24]","[0.8, 1.1, 0.83, 0.85, 0.81, 1.03, 0.82, 0.87, 0.84, 1.09, 0.89, 0.92, 0.88, 1.08, 0.86, 0.91, 1.07, 0.96, 0.9, 1.06, 1.05, 1.0, 0.95, 0.94, 1.01, 1.04]"
CPG,27,27,1.910544925334037997e-02,0.030546894,0.072403596,1.910544925334037997e-02,4.582748604997001485e-03,8.036095098087876068e-17,6.745815247752069699e-02,1.597158171965169446e-02,2.598490852529513446e-16,1.066979532366181972e-03,1.095579844534138160e-04,1.041285848999739275e-16,6.745815247752069699e-02,4.185172570865941521e-02,4.209424771923629682e-02,"[0, 30, 3, 5, 1, 23, 2, 7, 4, 29, 9, 8, 12, 6, 28, 11, 27, 16, 10, 26, 20, 25, 15, 14, 21, 13, 24]","[0, 30, 3, 5, 1, 23, 2, 7, 4, 29, 9, 8, 12, 6, 28, 11, 27, 16, 10, 26, 20, 25, 15, 14, 21, 13, 24]","[0.8, 1.1, 0.83, 0.85, 0.81, 1.03, 0.82, 0.87, 0.84, 1.09, 0.89, 0.88, 0.92, 0.86, 1.08, 0.91, 1.07, 0.96, 0.9, 1.06, 1.0, 1.05, 0.95, 0.94, 1.01, 0.93, 1.04]"
Angular Defect Greedy,27,27,1.910544925334037997e-02,0.044601345,0.084890654,1.910544925334037997e-02,4.582748604997001485e-03,8.036095098087876068e-17,6.745815247752069699e-02,1.597158171965169446e-02,2.598490852529513446e-16,1.066979532366203439e-03,1.095579844534149951e-04,1.041285848999739275e-16,6.745815247752069699e-02,4.185172570865941521e-02,4.209424771923629682e-02,"[0, 30, 3, 5, 1, 23, 2, 7, 4, 29, 9, 12, 8, 28, 6, 11, 27, 16, 10, 26, 25, 20, 15, 14, 21, 24, 13]","[0, 30, 3, 5, 1, 23, 2, 7, 4, 29, 9, 12, 8, 28, 6, 11, 27, 16, 10, 26, 25, 20, 15, 14, 21, 24, 13]","[0.8, 1.1, 0.83, 0.85, 0.81, 1.03, 0.82, 0.87, 0.84, 1.09, 0.89, 0.92, 0.88, 1.08, 0.86, 0.91, 1.07, 0.96, 0.9, 1.06, 1.05, 1.0, 0.95, 0.94, 1.01, 1.04, 0.93]"
CPG,28,28,1.910544925334037997e-02,0.032338552,0.076642819,1.910544925334037997e-02,4.573409810171153757e-03,7.704247905738908151e-17,6.745815247752069699e-02,1.594060535471140266e-02,2.443261107501600583e-16,7.161885812230685700e-04,5.959610551745865201e-05,1.041285848999739275e-16,6.745815247752069699e-02,4.185172570865941521e-02,4.209424771923629682e-02,"[0, 30, 3, 5, 1, 23, 2, 7, 4, 29, 9, 8, 12, 6, 28, 11, 27, 16, 10, 26, 20, 25, 15, 14, 21, 13, 24, 19]","[0, 30, 3, 5, 1, 23, 2, 7, 4, 29, 9, 8, 12, 6, 28, 11, 27, 16, 10, 26, 20, 25, 15, 14, 21, 13, 24, 19]","[0.8, 1.1, 0.83, 0.85, 0.81, 1.03, 0.82, 0.87, 0.84, 1.09, 0.89, 0.88, 0.92, 0.86, 1.08, 0.91, 1.07, 0.96, 0.9, 1.06, 1.0, 1.05, 0.95, 0.94, 1.01, 0.93, 1.04, 0.99]"
Angular Defect Greedy,28,28,1.910544925334037997e-02,0.046951401,0.090153181,1.910544925334037997e-02,4.573409810171153757e-03,7.704247905738908151e-17,6.745815247752069699e-02,1.594060535471140266e-02,2.443261107501600583e-16,7.161885812230634743e-04,5.959610551745968878e-05,1.041285848999739275e-16,6.745815247752069699e-02,4.185172570865941521e-02,4.209424771923629682e-02,"[0, 30, 3, 5, 1, 23, 2, 7, 4, 29, 9, 12, 8, 28, 6, 11, 27, 16, 10, 26, 25, 20, 15, 14, 21, 24, 13, 19]","[0, 30, 3, 5, 1, 23, 2, 7, 4, 29, 9, 12, 8, 28, 6, 11, 27, 16, 10, 26, 25, 20, 15, 14, 21, 24, 13, 19]","[0.8, 1.1, 0.83, 0.85, 0.81, 1.03, 0.82, 0.87, 0.84, 1.09, 0.89, 0.92, 0.88, 1.08, 0.86, 0.91, 1.07, 0.96, 0.9, 1.06, 1.05, 1.0, 0.95, 0.94, 1.01, 1.04, 0.93, 0.99]"
CPG,29,29,1.910544925334037997e-02,0.034229005,0.081178739,1.910544925334037997e-02,4.566826099764447963e-03,7.179136352875224210e-17,6.745815247752069699e-02,1.591886299007604089e-02,2.360822026511999641e-16,6.872095587042958672e-04,2.452777546042365830e-05,1.004323636536690571e-16,6.745815247752069699e-02,4.185172570865941521e-02,4.209424771923629682e-02,"[0, 30, 3, 5, 1, 23, 2, 7, 4, 29, 9, 8, 12, 6, 28, 11, 27, 16, 10, 26, 20, 25, 15, 14, 21, 13, 24, 19, 17]","[0, 30, 3, 5, 1, 23, 2, 7, 4, 29, 9, 8, 12, 6, 28, 11, 27, 16, 10, 26, 20, 25, 15, 14, 21, 13, 24, 19, 17]","[0.8, 1.1, 0.83, 0.85, 0.81, 1.03, 0.82, 0.87, 0.84, 1.09, 0.89, 0.88, 0.92, 0.86, 1.08, 0.91, 1.07, 0.96, 0.9, 1.06, 1.0, 1.05, 0.95, 0.94, 1.01, 0.93, 1.04, 0.99, 0.97]"
Angular Defect Greedy,29,29,1.910544925334037997e-02,0.049436108,0.095322734,1.910544925334037997e-02,4.566826099764447963e-03,7.179136352875224210e-17,6.745815247752069699e-02,1.591886299007604089e-02,2.360822026511999641e-16,6.872095587042958672e-04,2.452777546042399711e-05,1.004323636536690571e-16,6.745815247752069699e-02,4.185172570865941521e-02,4.209424771923629682e-02,"[0, 30, 3, 5, 1, 23, 2, 7, 4, 29, 9, 12, 8, 28, 6, 11, 27, 16, 10, 26, 25, 20, 15, 14, 21, 24, 13, 19, 17]","[0, 30, 3, 5, 1, 23, 2, 7, 4, 29, 9, 12, 8, 28, 6, 11, 27, 16, 10, 26, 25, 20, 15, 14, 21, 24, 13, 19, 17]","[0.8, 1.1, 0.83, 0.85, 0.81, 1.03, 0.82, 0.87, 0.84, 1.09, 0.89, 0.92, 0.88, 1.08, 0.86, 0.91, 1.07, 0.96, 0.9, 1.06, 1.05, 1.0, 0.95, 0.94, 1.01, 1.04, 0.93, 0.99, 0.97]"
CPG,30,30,1.910544925334037997e-02,0.036303754,0.086315690,1.910544925334037997e-02,4.562716082829975164e-03,6.417365285951795737e-17,6.745815247752069699e-02,1.590511879890195435e-02,2.153509189229261211e-16,7.315148056574279003e-05,2.359725179642209372e-06,8.584939430013713982e-17,6.745815247752069699e-02,4.185172570865941521e-02,4.209424771923629682e-02,"[0, 30, 3, 5, 1, 23, 2, 7, 4, 29, 9, 8, 12, 6, 28, 11, 27, 16, 10, 26, 20, 25, 15, 14, 21, 13, 24, 19, 17, 22]","[0, 30, 3, 5, 1, 23, 2, 7, 4, 29, 9, 8, 12, 6, 28, 11, 27, 16, 10, 26, 20, 25, 15, 14, 21, 13, 24, 19, 17, 22]","[0.8, 1.1, 0.83, 0.85, 0.81, 1.03, 0.82, 0.87, 0.84, 1.09, 0.89, 0.88, 0.92, 0.86, 1.08, 0.91, 1.07, 0.96, 0.9, 1.06, 1.0, 1.05, 0.95, 0.94, 1.01, 0.93, 1.04, 0.99, 0.97, 1.02]"
Angular Defect Greedy,30,30,1.910544925334037997e-02,0.051979143,0.100615303,1.910544925334037997e-02,4.562716082829976032e-03,6.417365285951795737e-17,6.745815247752069699e-02,1.590511879890195435e-02,2.153509189229261211e-16,7.315148056574241056e-05,2.359725179642827283e-06,8.584939430013713982e-17,6.745815247752069699e-02,4.185172570865941521e-02,4.209424771923629682e-02,"[0, 30, 3, 5, 1, 23, 2, 7, 4, 29, 9, 12, 8, 28, 6, 11, 27, 16, 10, 26, 25, 20, 15, 14, 21, 24, 13, 19, 17, 22]","[0, 30, 3, 5, 1, 23, 2, 7, 4, 29, 9, 12, 8, 28, 6, 11, 27, 16, 10, 26, 25, 20, 15, 14, 21, 24, 13, 19, 17, 22]","[0.8, 1.1, 0.83, 0.85, 0.81, 1.03, 0.82, 0.87, 0.84, 1.09, 0.89, 0.92, 0.88, 1.08, 0.86, 0.91, 1.07, 0.96, 0.9, 1.06, 1.05, 1.0, 0.95, 0.94, 1.01, 1.04, 0.93, 0.99, 0.97, 1.02]"
