row,displacement_mm,method,residual,relative
0,0.18,Angular Defect Greedy,9.071463913084214703e-68,9.071463913084214373e-67
1,0.185,Angular Defect Greedy,2.074196891975890013e-67,2.074196891975890013e-66
2,0.19,Angular Defect Greedy,6.628073806204980611e-09,7.332412073214433442e-16
3,0.195,Angular Defect Greedy,5.923910622059123798e-09,2.028805477379178411e-16
4,0.2,Angular Defect Greedy,3.924427246553194609e-08,7.545733092262358691e-16
5,0.205,Angular Defect Greedy,0.000000000000000000e+00,0.000000000000000000e+00
6,0.21,Angular Defect Greedy,8.012196353665075266e-08,7.839282520351997224e-16
7,0.215,Angular Defect Greedy,3.182145019405171256e-07,2.469974595027105400e-15
8,0.22,Angular Defect Greedy,1.360797265992931713e-07,8.711712386868633081e-16
9,0.225,Angular Defect Greedy,8.129096444393928327e-08,4.413198112927127996e-16
10,0.23,Angular Defect Greedy,4.050064850809132387e-08,1.904243091164656138e-16
11,0.235,Angular Defect Greedy,5.947737014576722600e-08,2.461488793337310088e-16
12,0.24,Angular Defect Greedy,0.000000000000000000e+00,0.000000000000000000e+00
13,0.245,Angular Defect Greedy,5.970325577489362660e-08,1.986134779059911125e-16
14,0.25,Angular Defect Greedy,6.184260235586215742e+06,1.870801114542776367e-02
15,0.255,Angular Defect Greedy,0.000000000000000000e+00,0.000000000000000000e+00
16,0.26,Angular Defect Greedy,6.809660758111881092e+06,1.740358080409041761e-02
17,0.265,Angular Defect Greedy,1.766507481202536352e-07,4.186384809958561452e-16
18,0.27,Angular Defect Greedy,6.905063357010683045e+06,1.524755467866033103e-02
19,0.275,Angular Defect Greedy,1.296747618287969553e-06,2.679467879032167972e-15
20,0.28,Angular Defect Greedy,5.914134749785361812e+06,1.147976612712987843e-02
21,0.285,Angular Defect Greedy,5.765884009259065076e-07,1.054945017597452744e-15
22,0.29,Angular Defect Greedy,4.335074897735162638e+06,7.498640013234024113e-03
23,0.295,Angular Defect Greedy,2.381710845751932434e-07,3.905447477305759221e-16
24,0.3,Angular Defect Greedy,1.842382167589017889e+06,2.871544412882679614e-03
25,0.31,Angular Defect Greedy,1.339241189024527843e-07,1.988283631083551013e-16
26,0.32,Angular Defect Greedy,1.104592426456299797e+07,1.497257439658442567e-02
27,0.33,Angular Defect Greedy,1.382656824425024921e-07,1.723269749609471787e-16
28,0.34,Angular Defect Greedy,1.307541082033032179e+07,1.507575318825101970e-02
29,0.35,Angular Defect Greedy,1.521112367613570342e-07,1.631227238180482547e-16
30,0.36,Angular Defect Greedy,5.312520371845802292e+06,5.323109005481285044e-03
31,0.37,Angular Defect Greedy,2.783433885643388751e-07,2.616204226271963485e-16
32,0.38,Angular Defect Greedy,1.781354108700128272e+06,1.576662875207979599e-03
33,0.39,Angular Defect Greedy,2.827977179534550614e-07,2.364151411863405431e-16
34,0.4,Angular Defect Greedy,4.025915707519922871e+05,3.188831456978155230e-04
35,0.41,Angular Defect Greedy,2.899447781579956084e-07,2.181215256673429757e-16
36,0.42,Angular Defect Greedy,2.499024514155667275e+06,1.790223895631683042e-03
37,0.43,Angular Defect Greedy,3.175383543543827254e+06,2.170599711648147582e-03
38,0.44,Angular Defect Greedy,0.000000000000000000e+00,0.000000000000000000e+00
39,0.45,Angular Defect Greedy,3.679333537750063697e+05,2.303640099293035464e-04
40,0.46,Angular Defect Greedy,7.167561819954330567e+05,4.305981836628737817e-04
41,0.47,Angular Defect Greedy,8.136603369592953549e-07,4.697226484858185537e-16
42,0.48,Angular Defect Greedy,4.022834220415794756e+06,2.235337741137877199e-03
43,0.49,Angular Defect Greedy,4.990642603760459460e+06,2.672730713562737007e-03
44,0.5,Angular Defect Greedy,6.876292335255977698e+06,3.553497158794766912e-03
45,0.51,Angular Defect Greedy,8.976129636304786429e+06,4.481062501969003756e-03
46,0.52,Angular Defect Greedy,6.625358205149090322e-07,3.199022123033406027e-16
47,0.53,Angular Defect Greedy,6.567943692896004068e+05,3.070668525256906034e-04
48,0.54,Angular Defect Greedy,1.313588738578918390e+06,5.951926917458445548e-04
49,0.55,Angular Defect Greedy,1.970383107868458610e+06,8.660098297356785433e-04
50,0.56,Angular Defect Greedy,2.519882228540271521e+06,1.075195072685659718e-03
51,0.57,Angular Defect Greedy,9.812290878308238891e-07,4.067830076558395469e-16
52,0.58,Angular Defect Greedy,3.317221074054972734e+06,1.337385427701957797e-03
53,0.59,Angular Defect Greedy,3.460349310425285716e+06,1.357707324225372342e-03
54,0.6,Angular Defect Greedy,3.942543597611549776e+06,1.506450780868287022e-03
55,0.61,Angular Defect Greedy,4.659567563839104958e+06,1.734969987207845470e-03
56,0.62,Angular Defect Greedy,5.516409507461760193e+06,2.002786483265285751e-03
57,0.63,Angular Defect Greedy,6.433014897960410453e+06,2.278648201993362012e-03
58,0.64,Angular Defect Greedy,6.906175194646345451e+06,2.387965251949284492e-03
59,0.65,Angular Defect Greedy,6.967824678995903609e-07,2.353275547410191010e-16
60,0.66,Angular Defect Greedy,1.791680742063014535e+06,5.914128678808890441e-04
61,0.67,Angular Defect Greedy,2.420404380398087204e+06,7.812353419063933040e-04
62,0.68,Angular Defect Greedy,3.245128584042447153e+06,1.024682446951996747e-03
63,0.69,Angular Defect Greedy,4.149802563752495218e+06,1.282450087626870469e-03
64,0.7,Angular Defect Greedy,5.091764524376914836e+06,1.540714476742856233e-03
65,0.71,Angular Defect Greedy,6.053541694688887335e+06,1.794248806000701534e-03
66,0.72,Angular Defect Greedy,7.026968472384363413e+06,2.040950579034988069e-03
67,0.73,Angular Defect Greedy,7.997346329019264318e+06,2.277024803416098295e-03
68,0.74,Angular Defect Greedy,8.694305422165313736e+06,2.427586385724109144e-03
69,0.75,Angular Defect Greedy,8.125559004162404686e+06,2.225706730058736160e-03
70,0.76,Angular Defect Greedy,6.218796784399275291e-07,1.671731876165721510e-16
71,0.77,Angular Defect Greedy,5.884135397100292146e+06,1.552965957338831807e-03
72,0.78,Angular Defect Greedy,1.066155889967887662e+07,2.763492404346134038e-03
73,0.79,Angular Defect Greedy,1.574547803989550099e+07,4.009435161507843119e-03
74,0.8,Angular Defect Greedy,2.091309743757462129e+07,5.233146709640304137e-03
75,0.81,Angular Defect Greedy,2.611470039259960502e+07,6.423479340613979030e-03
76,0.82,Angular Defect Greedy,3.133334618101856858e+07,7.577964937966447968e-03
77,0.83,Angular Defect Greedy,3.656172457965275645e+07,8.696594784890947574e-03
78,0.84,Angular Defect Greedy,4.179618225865505636e+07,9.780221902376947871e-03
79,0.85,Angular Defect Greedy,4.703468583882418275e+07,1.083002270368427222e-02
80,0.86,Angular Defect Greedy,5.227601754621865600e+07,1.184728876389090461e-02
81,0.87,Angular Defect Greedy,5.751940426504398882e+07,1.283333466498324735e-02
82,0.88,Angular Defect Greedy,6.276254016783611476e+07,1.378906152801600941e-02
83,0.89,Angular Defect Greedy,6.791871896716034412e+07,1.469706354110838359e-02
84,0.9,Angular Defect Greedy,7.308388527598711848e+07,1.557989459143472623e-02
85,0.91,Angular Defect Greedy,7.776989163531471789e+07,1.633614894858317554e-02
86,0.92,Angular Defect Greedy,8.010691917241123319e+07,1.658438239340616696e-02
87,0.93,Angular Defect Greedy,7.737882262008313835e+07,1.579222547657487680e-02
88,0.94,Angular Defect Greedy,6.898575974273768067e+07,1.388263695098904994e-02
89,0.95,Angular Defect Greedy,5.950449350269563496e+07,1.180966654198590746e-02
90,0.96,Angular Defect Greedy,4.962209691855718940e+07,9.714449784291338472e-03
91,0.97,Angular Defect Greedy,3.969767753484446555e+07,7.667263314383400939e-03
92,0.98,Angular Defect Greedy,2.977325815113380924e+07,5.674254570781547130e-03
93,0.99,Angular Defect Greedy,1.984883876742169261e+07,3.733343203316025986e-03
94,1,Angular Defect Greedy,9.924419383711533621e+06,1.842551853833510403e-03
95,1.01,Angular Defect Greedy,2.009416692102119573e-05,3.683037721714293753e-15
0,0.18,CPG,9.803543332593581713e-68,9.803543332593581054e-67
1,0.185,CPG,3.050815178005797070e-67,3.050815178005796939e-66
2,0.19,CPG,4.702613960894970223e+06,5.202341493278574980e-01
3,0.195,CPG,1.594983102370428083e-07,5.462456577867091141e-15
4,0.2,CPG,6.620160717589854263e+06,1.272898251501219935e-01
5,0.205,CPG,2.193746531035503164e-08,2.867595080278713426e-16
6,0.21,CPG,6.629928875389502384e+06,6.486846209184965462e-02
7,0.215,CPG,4.218121638322963618e-08,3.274097573133031232e-16
8,0.22,CPG,1.276795706092945599e-07,8.173941296210962051e-16
9,0.225,CPG,6.656276693424057215e+06,3.613620276678853466e-02
10,0.23,CPG,2.152261987827295688e-07,1.011941826037092258e-15
11,0.235,CPG,6.557524546235346235e+06,2.713851191307480384e-02
12,0.24,CPG,0.000000000000000000e+00,0.000000000000000000e+00
13,0.245,CPG,5.910478690432080068e+06,1.966225649773711490e-02
14,0.25,CPG,5.364860914554617816e-08,1.622924552974342083e-16
15,0.255,CPG,0.000000000000000000e+00,0.000000000000000000e+00
16,0.26,CPG,6.809660758111881092e+06,1.740358080409041761e-02
17,0.265,CPG,1.208150657707519768e-07,2.863154340068324721e-16
18,0.27,CPG,6.905063357010683045e+06,1.524755467866033103e-02
19,0.275,CPG,1.297183205181794240e-06,2.680367931651560163e-15
20,0.28,CPG,5.914134941370570101e+06,1.147976649901071532e-02
21,0.285,CPG,3.854666007331933849e-07,7.052623140540148872e-16
22,0.29,CPG,4.335074898471117951e+06,7.498640014507050068e-03
23,0.295,CPG,3.002543384252111930e-07,4.923467307731217500e-16
24,0.3,CPG,1.842384295821235981e+06,2.871547729954155182e-03
25,0.31,CPG,1.272320102159824370e-07,1.888930278843595791e-16
26,0.32,CPG,1.883543342579341926e-08,2.553112999012239417e-17
27,0.33,CPG,1.251824432005804272e-07,1.560207231027656960e-16
28,0.34,CPG,7.175305815019701311e-08,8.273020328299449507e-17
29,0.35,CPG,1.521112352533245888e-07,1.631227222008478263e-16
30,0.36,CPG,5.312520398870491423e+06,5.323109032559838853e-03
31,0.37,CPG,2.905723732852461463e-07,2.731146857655706835e-16
32,0.38,CPG,1.781354132771282224e+06,1.576662896513173536e-03
33,0.39,CPG,3.534987119111713590e-07,2.955202343585533102e-16
34,0.4,CPG,4.025915710076726391e+05,3.188831459003338095e-04
35,0.41,CPG,1.881742281988109491e-07,1.415609206923995447e-16
36,0.42,CPG,2.499024514155667275e+06,1.790223895631683042e-03
37,0.43,CPG,3.175383582571890671e+06,2.170599738326595227e-03
38,0.44,CPG,0.000000000000000000e+00,0.000000000000000000e+00
39,0.45,CPG,3.679333538746788399e+05,2.303640099917087327e-04
40,0.46,CPG,7.167561306228289614e+05,4.305981528002867731e-04
41,0.47,CPG,8.136603369592953549e-07,4.697226484858185537e-16
42,0.48,CPG,3.417664528838492464e+06,1.899067694385691250e-03
43,0.49,CPG,2.303805732539510820e+06,1.233799498044720316e-03
44,0.5,CPG,1.252618742453311570e+06,6.473222669052241390e-04
45,0.51,CPG,1.567889670713226107e-07,7.827217180822591095e-17
46,0.52,CPG,7.664211188052233309e+06,3.700627254708186570e-03
47,0.53,CPG,6.231652465129405260e+06,2.913444447721068829e-03
48,0.54,CPG,4.899447597337257117e+06,2.219960721254064708e-03
49,0.55,CPG,3.780230337921777274e+06,1.661461985860587104e-03
50,0.56,CPG,3.045547225103940349e+06,1.299488259004922012e-03
51,0.57,CPG,1.094363441139303570e-06,4.536845244155591671e-16
52,0.58,CPG,3.317221074054972734e+06,1.337385427701957797e-03
53,0.59,CPG,3.460349310425285716e+06,1.357707324225372342e-03
54,0.6,CPG,3.942543597611549776e+06,1.506450780868287022e-03
55,0.61,CPG,4.659567674819559790e+06,1.734970028530941457e-03
56,0.62,CPG,5.516407984202097170e+06,2.002785930230950844e-03
57,0.63,CPG,6.433014560676133260e+06,2.278648082523373856e-03
58,0.64,CPG,6.906174821146965027e+06,2.387965122803481499e-03
59,0.65,CPG,6.973142078542767229e-07,2.355071417270000570e-16
60,0.66,CPG,1.440507305707339896e+06,4.754946218212951093e-04
61,0.67,CPG,1.283895193373666145e+06,4.144036048233734962e-04
62,0.68,CPG,1.149297751408863114e+06,3.629024865088851149e-04
63,0.69,CPG,1.045254351472659851e+06,3.230241714021048465e-04
64,0.7,CPG,9.815358884119578870e+05,2.970024527801630671e-04
65,0.71,CPG,9.662644548470706213e+05,2.863974400162080697e-04
66,0.72,CPG,1.001697975783519447e+06,2.909385564668466400e-04
67,0.73,CPG,1.049752168456170009e+06,2.988881094646383377e-04
68,0.74,CPG,5.520499506280385087e-07,1.541410014154447834e-16
69,0.75,CPG,4.242393048729264177e+06,1.162052082235104367e-03
70,0.76,CPG,6.218796784399275291e-07,1.671731876165721510e-16
71,0.77,CPG,3.123066283595720306e+06,8.242528925026008316e-04
72,0.78,CPG,3.060632978677712847e+06,7.933207581230824600e-04
73,0.79,CPG,3.100603803069167305e+06,7.895390586701403783e-04
74,0.8,CPG,3.239190045687016100e+06,8.105521805215923315e-04
75,0.81,CPG,3.464577731206623837e+06,8.521883516099434518e-04
76,0.82,CPG,3.761194498307968024e+06,9.096443089221169795e-04
77,0.83,CPG,4.113661083862428553e+06,9.784780105431944291e-04
78,0.84,CPG,4.508804894675563090e+06,1.055051203278711131e-03
79,0.85,CPG,4.936190709347238764e+06,1.136587956282656027e-03
80,0.86,CPG,5.388050784340485930e+06,1.221091362978318296e-03
81,0.87,CPG,5.858656977778178640e+06,1.307143330913446361e-03
82,0.88,CPG,6.334412918057607487e+06,1.391683785222538579e-03
83,0.89,CPG,6.381343357356216758e+06,1.380871285956402532e-03
84,0.9,CPG,6.541518291153036058e+06,1.394509405996135739e-03
85,0.91,CPG,5.491979076512442902e+06,1.153631390373049872e-03
86,0.92,CPG,3.099552576221307751e-07,6.416944466667861233e-17
87,0.93,CPG,4.069996624468227383e+06,8.306446415975699514e-04
88,0.94,CPG,2.034257196873947894e-07,4.093722274633739792e-17
89,0.95,CPG,1.945658370238948613e+06,3.861485949141778198e-04
90,0.96,CPG,1.859150748955607414e+06,3.639633895721714764e-04
91,0.97,CPG,1.487320599165109918e+06,2.872631190249317875e-04
92,0.98,CPG,1.115490449374151416e+06,2.125926812878355002e-04
93,0.99,CPG,7.436602995825335383e+05,1.398741335729560909e-04
94,1,CPG,3.718301497916091466e+05,6.903339181072591418e-05
95,1.01,CPG,2.009416692102119573e-05,3.683037721714293753e-15
