method,requested_components,components,stopping_epsilon,fit_seconds,total_seconds,max_residual,mean_residual,median_residual,max_relative_residual,mean_relative_residual,median_relative_residual,max_train_relative_residual,mean_train_relative_residual,median_train_relative_residual,max_test_relative_residual,mean_test_relative_residual,median_test_relative_residual,selected_indices,selected_original_indices
CPG,2,2,1.731459998095587492e+08,0.010893114,0.020434987,1.731459998095587492e+08,1.077780843979134113e+08,1.174770654986565113e+08,8.647935400689884533e-01,1.495873573899452746e-01,4.469807813915276096e-02,8.647935400689884533e-01,1.495873573899452746e-01,4.469807813915276096e-02,nan,nan,nan,"[95, 45]","[95, 45]"
Angular Defect Greedy,2,2,3.342039231655761003e+08,0.007829550,0.016449404,3.342039231655761003e+08,2.089323292664459050e+08,2.272274901652871072e+08,5.326730265641806961e-01,1.898147675841843629e-01,1.397081838122304354e-01,5.326730265641806961e-01,1.898147675841843629e-01,1.397081838122304354e-01,nan,nan,nan,"[2, 95]","[2, 95]"
CPG,3,3,1.668487898805366158e+08,1.676151382,1.705779727,1.668487898805366158e+08,8.122779816710591316e+07,7.792417385238884389e+07,8.433354700647821556e-01,1.044469808992339183e-01,4.304786242898461790e-02,8.433354700647821556e-01,1.044469808992339183e-01,4.304786242898461790e-02,nan,nan,nan,"[95, 45, 27]","[95, 45, 27]"
Angular Defect Greedy,3,3,3.145731200015989542e+08,0.247273620,0.279348691,3.145731200015989542e+08,1.891495992374688685e+08,2.058792396717873812e+08,3.110755929964940658e-01,1.424842652752179306e-01,1.279852052200291523e-01,3.110755929964940658e-01,1.424842652752179306e-01,1.279852052200291523e-01,nan,nan,nan,"[2, 95, 5]","[2, 95, 5]"
CPG,4,4,9.979840353851807117e+07,1.808109046,1.866844062,9.979840353851807117e+07,5.290247321925743669e+07,5.967162100431103259e+07,8.433354700647821556e-01,9.663366241254889299e-02,2.909271082847616000e-02,8.433354700647821556e-01,9.663366241254889299e-02,2.909271082847616000e-02,nan,nan,nan,"[95, 45, 27, 70]","[95, 45, 27, 70]"
Angular Defect Greedy,4,4,2.729527105942739248e+08,0.521251004,0.579682831,2.729527105942739248e+08,1.490101728073529899e+08,1.601571914551873803e+08,2.941365704780808388e-01,8.952464046224810346e-02,9.394127461439705229e-02,2.941365704780808388e-01,8.952464046224810346e-02,9.394127461439705229e-02,nan,nan,nan,"[2, 95, 5, 15]","[2, 95, 5, 15]"
CPG,5,5,8.621294211155477166e+07,1.940605458,2.035158199,8.621294211155477166e+07,4.289838095903682709e+07,4.530780701301649213e+07,8.433354700647821556e-01,9.321854762976038156e-02,1.606441104927214952e-02,8.433354700647821556e-01,9.321854762976038156e-02,1.606441104927214952e-02,nan,nan,nan,"[95, 45, 27, 70, 59]","[95, 45, 27, 70, 59]"
Angular Defect Greedy,5,5,2.729527105942739248e+08,0.808518906,0.899603395,2.729527105942739248e+08,1.488942131905619800e+08,1.601571914551873803e+08,1.657735720575065630e-01,8.595126100779415523e-02,9.205506402186519610e-02,1.657735720575065630e-01,8.595126100779415523e-02,9.205506402186519610e-02,nan,nan,nan,"[2, 95, 5, 15, 3]","[2, 95, 5, 15, 3]"
CPG,6,6,8.010774715157009661e+07,2.073928415,2.211942147,8.010774715157009661e+07,3.422381618331391364e+07,3.224525133660937101e+07,8.137307687716699434e-01,6.376218565453366238e-02,1.569702599519166852e-02,8.137307687716699434e-01,6.376218565453366238e-02,1.569702599519166852e-02,nan,nan,nan,"[95, 45, 27, 70, 59, 15]","[95, 45, 27, 70, 59, 15]"
Angular Defect Greedy,6,6,2.729527105942739248e+08,1.138117842,1.264081091,2.729527105942739248e+08,1.479423194901775122e+08,1.601571914551873803e+08,1.621927548221271387e-01,8.051758777066884976e-02,7.972379014596708835e-02,1.621927548221271387e-01,8.051758777066884976e-02,7.972379014596708835e-02,nan,nan,nan,"[2, 95, 5, 15, 3, 8]","[2, 95, 5, 15, 3, 8]"
CPG,7,7,7.938689808311404288e+07,2.225688371,2.413695483,7.938689808311404288e+07,2.439119446275908127e+07,1.616995591041606292e+07,8.137307687716699434e-01,6.164758803202499693e-02,1.076600764696905403e-02,8.137307687716699434e-01,6.164758803202499693e-02,1.076600764696905403e-02,nan,nan,nan,"[95, 45, 27, 70, 59, 15, 86]","[95, 45, 27, 70, 59, 15, 86]"
Angular Defect Greedy,7,7,2.167319436075982153e+08,1.511057562,1.680996427,2.167319436075982153e+08,1.035041898357983381e+08,1.044176109696561992e+08,1.272898251501219935e-01,5.173818772405432836e-02,5.888768369218411874e-02,1.272898251501219935e-01,5.173818772405432836e-02,5.888768369218411874e-02,nan,nan,nan,"[2, 95, 5, 15, 3, 8, 31]","[2, 95, 5, 15, 3, 8, 31]"
CPG,8,8,6.369587433708051592e+07,2.381301123,2.626080166,6.369587433708051592e+07,1.948172062588346377e+07,1.347510415084433556e+07,8.137307687716699434e-01,5.798417806035632838e-02,9.125153155174139594e-03,8.137307687716699434e-01,5.798417806035632838e-02,9.125153155174139594e-03,nan,nan,nan,"[95, 45, 27, 70, 59, 15, 86, 35]","[95, 45, 27, 70, 59, 15, 86, 35]"
Angular Defect Greedy,8,8,2.167319436075982153e+08,1.899111548,2.117235185,2.167319436075982153e+08,1.034352298283234388e+08,1.044176109696561992e+08,8.684555481264240318e-02,5.041225204540722427e-02,5.839951275248089768e-02,8.684555481264240318e-02,5.041225204540722427e-02,5.839951275248089768e-02,nan,nan,nan,"[2, 95, 5, 15, 3, 8, 31, 4]","[2, 95, 5, 15, 3, 8, 31, 4]"
CPG,9,9,4.719845789320265502e+07,2.545507522,2.855265282,4.719845789320265502e+07,1.539342486026613973e+07,7.191384798871163279e+06,8.137307687716699434e-01,5.631243890381740919e-02,2.130477219251027034e-03,8.137307687716699434e-01,5.631243890381740919e-02,2.130477219251027034e-03,nan,nan,nan,"[95, 45, 27, 70, 59, 15, 86, 35, 51]","[95, 45, 27, 70, 59, 15, 86, 35, 51]"
Angular Defect Greedy,9,9,2.167319436075982153e+08,2.314581021,2.586050652,2.167319436075982153e+08,1.002156681743893623e+08,1.044176109696561992e+08,8.511383926120068277e-02,4.516462019649763321e-02,4.484438000068234620e-02,8.511383926120068277e-02,4.516462019649763321e-02,4.484438000068234620e-02,nan,nan,nan,"[2, 95, 5, 15, 3, 8, 31, 4, 23]","[2, 95, 5, 15, 3, 8, 31, 4, 23]"
CPG,10,10,4.523630611203981191e+07,2.729390711,3.110892406,4.523630611203981191e+07,1.347653865276581980e+07,6.407254680068778805e+06,8.137307687716699434e-01,5.519629296261454460e-02,1.831383553053640006e-03,8.137307687716699434e-01,5.519629296261454460e-02,1.831383553053640006e-03,nan,nan,nan,"[95, 45, 27, 70, 59, 15, 86, 35, 51, 41]","[95, 45, 27, 70, 59, 15, 86, 35, 51, 41]"
Angular Defect Greedy,10,10,2.167319436075982153e+08,2.780222262,3.111071578,2.167319436075982153e+08,9.968722350778682530e+07,1.044176109696561992e+08,8.503070428847593620e-02,4.301315974947758636e-02,4.209782897312146221e-02,8.503070428847593620e-02,4.301315974947758636e-02,4.209782897312146221e-02,nan,nan,nan,"[2, 95, 5, 15, 3, 8, 31, 4, 23, 11]","[2, 95, 5, 15, 3, 8, 31, 4, 23, 11]"
CPG,11,11,4.083880080973903835e+07,2.944275645,3.405000634,4.083880080973903835e+07,1.120398971255526878e+07,6.357888080208804458e+06,7.634648926837139804e-01,3.793258206672858734e-02,1.790183803197641088e-03,7.634648926837139804e-01,3.793258206672858734e-02,1.790183803197641088e-03,nan,nan,nan,"[95, 45, 27, 70, 59, 15, 86, 35, 51, 41, 8]","[95, 45, 27, 70, 59, 15, 86, 35, 51, 41, 8]"
Angular Defect Greedy,11,11,2.167319436075982153e+08,3.295904168,3.694080352,2.167319436075982153e+08,9.957312570421795547e+07,1.044176109696561992e+08,8.337742125650275671e-02,4.194446986307697606e-02,4.178168715643590381e-02,8.337742125650275671e-02,4.194446986307697606e-02,4.178168715643590381e-02,nan,nan,nan,"[2, 95, 5, 15, 3, 8, 31, 4, 23, 11, 6]","[2, 95, 5, 15, 3, 8, 31, 4, 23, 11, 6]"
CPG,12,12,3.706743843379331380e+07,3.175164076,3.725418172,3.706743843379331380e+07,1.005460428512710519e+07,6.283035011791288853e+06,7.634648926837139804e-01,3.684929306411593303e-02,1.760538170322347232e-03,7.634648926837139804e-01,3.684929306411593303e-02,1.760538170322347232e-03,nan,nan,nan,"[95, 45, 27, 70, 59, 15, 86, 35, 51, 41, 8, 31]","[95, 45, 27, 70, 59, 15, 86, 35, 51, 41, 8, 31]"
Angular Defect Greedy,12,12,1.637085044278185368e+08,3.836796144,4.309946320,1.637085044278185368e+08,6.298789936410961300e+07,5.351382348541345447e+07,5.058912382211893516e-02,2.696519534511770955e-02,3.088149423118316875e-02,5.058912382211893516e-02,2.696519534511770955e-02,3.088149423118316875e-02,nan,nan,nan,"[2, 95, 5, 15, 3, 8, 31, 4, 23, 11, 6, 46]","[2, 95, 5, 15, 3, 8, 31, 4, 23, 11, 6, 46]"
CPG,13,13,3.275557643839889020e+07,3.423347171,4.076344515,3.275557643839889020e+07,8.396062304760275409e+06,6.163081070973966271e+06,7.634648926837139804e-01,3.398804690342599466e-02,1.698216946298188685e-03,7.634648926837139804e-01,3.398804690342599466e-02,1.698216946298188685e-03,nan,nan,nan,"[95, 45, 27, 70, 59, 15, 86, 35, 51, 41, 8, 31, 23]","[95, 45, 27, 70, 59, 15, 86, 35, 51, 41, 8, 31, 23]"
Angular Defect Greedy,13,13,1.637085044278185368e+08,4.382666879,4.935435029,1.637085044278185368e+08,6.292000817644536495e+07,5.351382348541345447e+07,4.782734918050581679e-02,2.643822530530396883e-02,3.025346757795243161e-02,4.782734918050581679e-02,2.643822530530396883e-02,3.025346757795243161e-02,nan,nan,nan,"[2, 95, 5, 15, 3, 8, 31, 4, 23, 11, 6, 46, 7]","[2, 95, 5, 15, 3, 8, 31, 4, 23, 11, 6, 46, 7]"
CPG,14,14,2.378696827815872803e+07,3.680509752,4.443270168,2.378696827815872803e+07,7.409514044170568697e+06,5.440016262600345537e+06,7.634648926837139804e-01,3.334241234273498805e-02,1.523583431960455047e-03,7.634648926837139804e-01,3.334241234273498805e-02,1.523583431960455047e-03,nan,nan,nan,"[95, 45, 27, 70, 59, 15, 86, 35, 51, 41, 8, 31, 23, 38]","[95, 45, 27, 70, 59, 15, 86, 35, 51, 41, 8, 31, 23, 38]"
Angular Defect Greedy,14,14,1.637085044278185368e+08,5.039147491,5.688795298,1.637085044278185368e+08,6.227383688700840622e+07,5.351382348541345447e+07,4.707706694580109791e-02,2.509789128373450875e-02,2.789781028240187477e-02,4.707706694580109791e-02,2.509789128373450875e-02,2.789781028240187477e-02,nan,nan,nan,"[2, 95, 5, 15, 3, 8, 31, 4, 23, 11, 6, 46, 7, 19]","[2, 95, 5, 15, 3, 8, 31, 4, 23, 11, 6, 46, 7, 19]"
CPG,15,15,2.314638724508606270e+07,3.953616764,4.837116731,2.314638724508606270e+07,6.922632889367222786e+06,4.917819560079216957e+06,7.634648926837139804e-01,3.293477168918707704e-02,1.442950929786014592e-03,7.634648926837139804e-01,3.293477168918707704e-02,1.442950929786014592e-03,nan,nan,nan,"[95, 45, 27, 70, 59, 15, 86, 35, 51, 41, 8, 31, 23, 38, 33]","[95, 45, 27, 70, 59, 15, 86, 35, 51, 41, 8, 31, 23, 38, 33]"
Angular Defect Greedy,15,15,1.637085044278185368e+08,5.682315399,6.429720165,1.637085044278185368e+08,6.216128105805293471e+07,5.351382348541345447e+07,4.658650646506345971e-02,2.450299978346641774e-02,2.721437802498265918e-02,4.658650646506345971e-02,2.450299978346641774e-02,2.721437802498265918e-02,nan,nan,nan,"[2, 95, 5, 15, 3, 8, 31, 4, 23, 11, 6, 46, 7, 19, 9]","[2, 95, 5, 15, 3, 8, 31, 4, 23, 11, 6, 46, 7, 19, 9]"
CPG,16,16,2.238206819339402765e+07,4.219572791,5.240668693,2.238206819339402765e+07,6.276461086385351606e+06,4.779510158203418367e+06,7.634648926837139804e-01,3.159443736678860942e-02,1.393096737568532209e-03,7.634648926837139804e-01,3.159443736678860942e-02,1.393096737568532209e-03,nan,nan,nan,"[95, 45, 27, 70, 59, 15, 86, 35, 51, 41, 8, 31, 23, 38, 33, 19]","[95, 45, 27, 70, 59, 15, 86, 35, 51, 41, 8, 31, 23, 38, 33, 19]"
Angular Defect Greedy,16,16,1.146556495898026228e+08,6.390211885,7.251869822,1.146556495898026228e+08,4.065528425307176262e+07,3.421043076215448231e+07,4.407484813575879984e-02,1.781704410880854267e-02,1.852904618320620755e-02,4.407484813575879984e-02,1.781704410880854267e-02,1.852904618320620755e-02,nan,nan,nan,"[2, 95, 5, 15, 3, 8, 31, 4, 23, 11, 6, 46, 7, 19, 9, 59]","[2, 95, 5, 15, 3, 8, 31, 4, 23, 11, 6, 46, 7, 19, 9, 59]"
CPG,17,17,2.079086158115830272e+07,4.492490598,5.659089848,2.079086158115830272e+07,5.724310379170328379e+06,4.615227488341921940e+06,6.928729415748224874e-01,2.266070672860246923e-02,1.386277676593046775e-03,6.928729415748224874e-01,2.266070672860246923e-02,1.386277676593046775e-03,nan,nan,nan,"[95, 45, 27, 70, 59, 15, 86, 35, 51, 41, 8, 31, 23, 38, 33, 19, 5]","[95, 45, 27, 70, 59, 15, 86, 35, 51, 41, 8, 31, 23, 38, 33, 19, 5]"
Angular Defect Greedy,17,17,1.146556495898026228e+08,7.015284644,7.993719974,1.146556495898026228e+08,3.973893710409731418e+07,3.113655970409648865e+07,4.372917871353351749e-02,1.668343620548500342e-02,1.840166441019619806e-02,4.372917871353351749e-02,1.668343620548500342e-02,1.840166441019619806e-02,nan,nan,nan,"[2, 95, 5, 15, 3, 8, 31, 4, 23, 11, 6, 46, 7, 19, 9, 59, 27]","[2, 95, 5, 15, 3, 8, 31, 4, 23, 11, 6, 46, 7, 19, 9, 59, 27]"
CPG,18,18,2.023803765136409178e+07,4.784752679,6.107666278,2.023803765136409178e+07,5.195772849515038542e+06,4.539843596020493656e+06,6.928729415748224874e-01,2.063774766974926442e-02,1.369289370343680949e-03,6.928729415748224874e-01,2.063774766974926442e-02,1.369289370343680949e-03,nan,nan,nan,"[95, 45, 27, 70, 59, 15, 86, 35, 51, 41, 8, 31, 23, 38, 33, 19, 5, 12]","[95, 45, 27, 70, 59, 15, 86, 35, 51, 41, 8, 31, 23, 38, 33, 19, 5, 12]"
Angular Defect Greedy,18,18,1.146556495898026228e+08,7.699992414,8.805342865,1.146556495898026228e+08,3.624136691560012847e+07,2.228319732096484676e+07,3.993790309377615033e-02,1.440036241783368941e-02,1.578069402795791859e-02,3.993790309377615033e-02,1.440036241783368941e-02,1.578069402795791859e-02,nan,nan,nan,"[2, 95, 5, 15, 3, 8, 31, 4, 23, 11, 6, 46, 7, 19, 9, 59, 27, 38]","[2, 95, 5, 15, 3, 8, 31, 4, 23, 11, 6, 46, 7, 19, 9, 59, 27, 38]"
CPG,19,19,1.557056181901981868e+07,5.006467988,6.496517101,1.557056181901981868e+07,4.828886061321143992e+06,4.329304022566907108e+06,6.928729415748224874e-01,2.024667155292913037e-02,1.347546375963664961e-03,6.928729415748224874e-01,2.024667155292913037e-02,1.347546375963664961e-03,nan,nan,nan,"[95, 45, 27, 70, 59, 15, 86, 35, 51, 41, 8, 31, 23, 38, 33, 19, 5, 12, 29]","[95, 45, 27, 70, 59, 15, 86, 35, 51, 41, 8, 31, 23, 38, 33, 19, 5, 12, 29]"
Angular Defect Greedy,19,19,1.146556495898026228e+08,8.156417718,9.406168170,1.146556495898026228e+08,3.604637660515374690e+07,2.228319732096484676e+07,3.082163814752721109e-02,1.375073458278685233e-02,1.566681549255027894e-02,3.082163814752721109e-02,1.375073458278685233e-02,1.566681549255027894e-02,nan,nan,nan,"[2, 95, 5, 15, 3, 8, 31, 4, 23, 11, 6, 46, 7, 19, 9, 59, 27, 38, 13]","[2, 95, 5, 15, 3, 8, 31, 4, 23, 11, 6, 46, 7, 19, 9, 59, 27, 38, 13]"
CPG,20,20,1.307541082033032179e+07,5.226520647,6.882346656,1.307541082033032179e+07,4.551781682822380215e+06,4.028102351084856782e+06,6.928729415748224874e-01,1.983493457190740883e-02,1.322264389625790910e-03,6.928729415748224874e-01,1.983493457190740883e-02,1.322264389625790910e-03,nan,nan,nan,"[95, 45, 27, 70, 59, 15, 86, 35, 51, 41, 8, 31, 23, 38, 33, 19, 5, 12, 29, 25]","[95, 45, 27, 70, 59, 15, 86, 35, 51, 41, 8, 31, 23, 38, 33, 19, 5, 12, 29, 25]"
Angular Defect Greedy,20,20,8.010697390219487250e+07,8.623634009,10.056515052,8.010697390219487250e+07,2.086305594040245190e+07,1.229958403910301253e+07,3.023371120716247112e-02,9.755679970015192909e-03,8.297433359632472999e-03,3.023371120716247112e-02,9.755679970015192909e-03,8.297433359632472999e-03,nan,nan,nan,"[2, 95, 5, 15, 3, 8, 31, 4, 23, 11, 6, 46, 7, 19, 9, 59, 27, 38, 13, 70]","[2, 95, 5, 15, 3, 8, 31, 4, 23, 11, 6, 46, 7, 19, 9, 59, 27, 38, 13, 70]"
CPG,21,21,1.235188246571318619e+07,5.501375300,7.359096780,1.235188246571318619e+07,4.415579480694518425e+06,3.861386967766663991e+06,6.928729415748224874e-01,1.967789547433859698e-02,1.303315804577556474e-03,6.928729415748224874e-01,1.967789547433859698e-02,1.303315804577556474e-03,nan,nan,nan,"[95, 45, 27, 70, 59, 15, 86, 35, 51, 41, 8, 31, 23, 38, 33, 19, 5, 12, 29, 25, 28]","[95, 45, 27, 70, 59, 15, 86, 35, 51, 41, 8, 31, 23, 38, 33, 19, 5, 12, 29, 25, 28]"
Angular Defect Greedy,21,21,8.010697390219487250e+07,9.100939466,10.741324511,8.010697390219487250e+07,2.079607367716369405e+07,1.229958403910301253e+07,2.917245286380605249e-02,9.440745478164029592e-03,8.184642550880243117e-03,2.917245286380605249e-02,9.440745478164029592e-03,8.184642550880243117e-03,nan,nan,nan,"[2, 95, 5, 15, 3, 8, 31, 4, 23, 11, 6, 46, 7, 19, 9, 59, 27, 38, 13, 70, 10]","[2, 95, 5, 15, 3, 8, 31, 4, 23, 11, 6, 46, 7, 19, 9, 59, 27, 38, 13, 70, 10]"
CPG,22,22,1.230975138892018236e+07,5.724652395,7.755680435,1.230975138892018236e+07,4.219244994347794913e+06,3.770712418114872649e+06,6.928729415748224874e-01,1.875137043223410599e-02,1.290969199463409649e-03,6.928729415748224874e-01,1.875137043223410599e-02,1.290969199463409649e-03,nan,nan,nan,"[95, 45, 27, 70, 59, 15, 86, 35, 51, 41, 8, 31, 23, 38, 33, 19, 5, 12, 29, 25, 28, 10]","[95, 45, 27, 70, 59, 15, 86, 35, 51, 41, 8, 31, 23, 38, 33, 19, 5, 12, 29, 25, 28, 10]"
Angular Defect Greedy,22,22,8.010697342248669267e+07,9.565341833,11.386891625,8.010697342248669267e+07,2.060080656886960939e+07,1.216216490708453208e+07,2.717609350252382996e-02,8.977441451931978886e-03,7.921190734036609102e-03,2.717609350252382996e-02,8.977441451931978886e-03,7.921190734036609102e-03,nan,nan,nan,"[2, 95, 5, 15, 3, 8, 31, 4, 23, 11, 6, 46, 7, 19, 9, 59, 27, 38, 13, 70, 10, 17]","[2, 95, 5, 15, 3, 8, 31, 4, 23, 11, 6, 46, 7, 19, 9, 59, 27, 38, 13, 70, 10, 17]"
CPG,23,23,1.190454993619256094e+07,5.946476776,8.149657883,1.190454993619256094e+07,4.023977917140302714e+06,3.612886114757295698e+06,6.928729415748224874e-01,1.828806638494800269e-02,1.258125232318592444e-03,6.928729415748224874e-01,1.828806638494800269e-02,1.258125232318592444e-03,nan,nan,nan,"[95, 45, 27, 70, 59, 15, 86, 35, 51, 41, 8, 31, 23, 38, 33, 19, 5, 12, 29, 25, 28, 10, 17]","[95, 45, 27, 70, 59, 15, 86, 35, 51, 41, 8, 31, 23, 38, 33, 19, 5, 12, 29, 25, 28, 10, 17]"
Angular Defect Greedy,23,23,8.010695404102645814e+07,10.033638081,12.040980785,8.010695404102645814e+07,1.958200306198911741e+07,1.078866690156727470e+07,2.439537993137202987e-02,8.207049032968921978e-03,6.048868182762458592e-03,2.439537993137202987e-02,8.207049032968921978e-03,6.048868182762458592e-03,nan,nan,nan,"[2, 95, 5, 15, 3, 8, 31, 4, 23, 11, 6, 46, 7, 19, 9, 59, 27, 38, 13, 70, 10, 17, 35]","[2, 95, 5, 15, 3, 8, 31, 4, 23, 11, 6, 46, 7, 19, 9, 59, 27, 38, 13, 70, 10, 17, 35]"
CPG,24,24,1.108905916556917317e+07,6.167858150,8.511722859,1.108905916556917317e+07,3.844984076560289133e+06,3.462463520815955009e+06,5.202341493278574980e-01,1.149809969602776094e-02,1.227445862535271257e-03,5.202341493278574980e-01,1.149809969602776094e-02,1.227445862535271257e-03,nan,nan,nan,"[95, 45, 27, 70, 59, 15, 86, 35, 51, 41, 8, 31, 23, 38, 33, 19, 5, 12, 29, 25, 28, 10, 17, 3]","[95, 45, 27, 70, 59, 15, 86, 35, 51, 41, 8, 31, 23, 38, 33, 19, 5, 12, 29, 25, 28, 10, 17, 3]"
Angular Defect Greedy,24,24,8.010695404102645814e+07,10.561150014,12.836182703,8.010695404102645814e+07,1.590541277414929308e+07,6.857362057561282068e+06,2.430377417546866065e-02,6.707701533672002364e-03,2.277848991633239784e-03,2.430377417546866065e-02,6.707701533672002364e-03,2.277848991633239784e-03,nan,nan,nan,"[2, 95, 5, 15, 3, 8, 31, 4, 23, 11, 6, 46, 7, 19, 9, 59, 27, 38, 13, 70, 10, 17, 35, 51]","[2, 95, 5, 15, 3, 8, 31, 4, 23, 11, 6, 46, 7, 19, 9, 59, 27, 38, 13, 70, 10, 17, 35, 51]"
CPG,25,25,1.104592426456299983e+07,6.389591725,8.992168295,1.104592426456299983e+07,3.640527558465701994e+06,3.439008202178258449e+06,5.202341493278574980e-01,1.112446842011614000e-02,1.199096621302466695e-03,5.202341493278574980e-01,1.112446842011614000e-02,1.199096621302466695e-03,nan,nan,nan,"[95, 45, 27, 70, 59, 15, 86, 35, 51, 41, 8, 31, 23, 38, 33, 19, 5, 12, 29, 25, 28, 10, 17, 3, 21]","[95, 45, 27, 70, 59, 15, 86, 35, 51, 41, 8, 31, 23, 38, 33, 19, 5, 12, 29, 25, 28, 10, 17, 3, 21]"
Angular Defect Greedy,25,25,8.010695403153182566e+07,11.097740628,13.593024658,8.010695403153182566e+07,1.583681563354651630e+07,6.857362057561282068e+06,2.311659277301739840e-02,6.454537218743946342e-03,2.251382976314029311e-03,2.311659277301739840e-02,6.454537218743946342e-03,2.251382976314029311e-03,nan,nan,nan,"[2, 95, 5, 15, 3, 8, 31, 4, 23, 11, 6, 46, 7, 19, 9, 59, 27, 38, 13, 70, 10, 17, 35, 51, 12]","[2, 95, 5, 15, 3, 8, 31, 4, 23, 11, 6, 46, 7, 19, 9, 59, 27, 38, 13, 70, 10, 17, 35, 51, 12]"
CPG,26,26,9.284991309518363327e+06,6.634968108,9.452617903,9.284991309518363327e+06,3.525465812906369567e+06,3.367444083993101958e+06,5.202341493278574980e-01,1.096850409205001563e-02,1.165366630673307560e-03,5.202341493278574980e-01,1.096850409205001563e-02,1.165366630673307560e-03,nan,nan,nan,"[95, 45, 27, 70, 59, 15, 86, 35, 51, 41, 8, 31, 23, 38, 33, 19, 5, 12, 29, 25, 28, 10, 17, 3, 21, 26]","[95, 45, 27, 70, 59, 15, 86, 35, 51, 41, 8, 31, 23, 38, 33, 19, 5, 12, 29, 25, 28, 10, 17, 3, 21, 26]"
Angular Defect Greedy,26,26,8.010695221154728532e+07,11.633329528,14.346426166,8.010695221154728532e+07,1.555971095913593657e+07,6.308647036751910113e+06,2.251533272237703220e-02,6.042800123067086117e-03,2.198161355654091806e-03,2.251533272237703220e-02,6.042800123067086117e-03,2.198161355654091806e-03,nan,nan,nan,"[2, 95, 5, 15, 3, 8, 31, 4, 23, 11, 6, 46, 7, 19, 9, 59, 27, 38, 13, 70, 10, 17, 35, 51, 12, 25]","[2, 95, 5, 15, 3, 8, 31, 4, 23, 11, 6, 46, 7, 19, 9, 59, 27, 38, 13, 70, 10, 17, 35, 51, 12, 25]"
CPG,27,27,8.780317491030935198e+06,6.865451569,9.899705638,8.780317491030935198e+06,3.135904808353375178e+06,3.111835043332443573e+06,5.202341493278574980e-01,1.089180343692048615e-02,9.440611597326554333e-04,5.202341493278574980e-01,1.089180343692048615e-02,9.440611597326554333e-04,nan,nan,nan,"[95, 45, 27, 70, 59, 15, 86, 35, 51, 41, 8, 31, 23, 38, 33, 19, 5, 12, 29, 25, 28, 10, 17, 3, 21, 26, 88]","[95, 45, 27, 70, 59, 15, 86, 35, 51, 41, 8, 31, 23, 38, 33, 19, 5, 12, 29, 25, 28, 10, 17, 3, 21, 26, 88]"
Angular Defect Greedy,27,27,8.010695221154728532e+07,12.182096661,15.084963266,8.010695221154728532e+07,1.410764078453306295e+07,5.041205339374533854e+06,2.170308976977168569e-02,5.215337253516111327e-03,1.922669539913015885e-03,2.170308976977168569e-02,5.215337253516111327e-03,1.922669539913015885e-03,nan,nan,nan,"[2, 95, 5, 15, 3, 8, 31, 4, 23, 11, 6, 46, 7, 19, 9, 59, 27, 38, 13, 70, 10, 17, 35, 51, 12, 25, 41]","[2, 95, 5, 15, 3, 8, 31, 4, 23, 11, 6, 46, 7, 19, 9, 59, 27, 38, 13, 70, 10, 17, 35, 51, 12, 25, 41]"
CPG,28,28,8.694307396401926875e+06,7.084164542,10.351716062,8.694307396401926875e+06,3.022977547994384542e+06,3.080618390873438679e+06,5.202341493278574980e-01,9.971856603759101170e-03,8.809163302660300530e-04,5.202341493278574980e-01,9.971856603759101170e-03,8.809163302660300530e-04,nan,nan,nan,"[95, 45, 27, 70, 59, 15, 86, 35, 51, 41, 8, 31, 23, 38, 33, 19, 5, 12, 29, 25, 28, 10, 17, 3, 21, 26, 88, 7]","[95, 45, 27, 70, 59, 15, 86, 35, 51, 41, 8, 31, 23, 38, 33, 19, 5, 12, 29, 25, 28, 10, 17, 3, 21, 26, 88, 7]"
Angular Defect Greedy,28,28,8.010694345050106943e+07,12.771269325,15.915570945,8.010694345050106943e+07,1.374075199702514149e+07,4.825105083799782209e+06,2.028890573895509794e-02,4.824260586081441544e-03,1.818400877179094082e-03,2.028890573895509794e-02,4.824260586081441544e-03,1.818400877179094082e-03,nan,nan,nan,"[2, 95, 5, 15, 3, 8, 31, 4, 23, 11, 6, 46, 7, 19, 9, 59, 27, 38, 13, 70, 10, 17, 35, 51, 12, 25, 41, 29]","[2, 95, 5, 15, 3, 8, 31, 4, 23, 11, 6, 46, 7, 19, 9, 59, 27, 38, 13, 70, 10, 17, 35, 51, 12, 25, 41, 29]"
CPG,29,29,8.510032467270344496e+06,7.310575976,10.805311398,8.510032467270344496e+06,2.591353418834322598e+06,1.811869388864923269e+06,5.202341493278574980e-01,9.846076208400077190e-03,5.614084443632596242e-04,5.202341493278574980e-01,9.846076208400077190e-03,5.614084443632596242e-04,nan,nan,nan,"[95, 45, 27, 70, 59, 15, 86, 35, 51, 41, 8, 31, 23, 38, 33, 19, 5, 12, 29, 25, 28, 10, 17, 3, 21, 26, 88, 7, 68]","[95, 45, 27, 70, 59, 15, 86, 35, 51, 41, 8, 31, 23, 38, 33, 19, 5, 12, 29, 25, 28, 10, 17, 3, 21, 26, 88, 7, 68]"
Angular Defect Greedy,29,29,8.010694256016469002e+07,13.404666971,16.765102439,8.010694256016469002e+07,1.353629526620098762e+07,4.242440438504250720e+06,1.988558997071353251e-02,4.450629221765054454e-03,1.792236680525512897e-03,1.988558997071353251e-02,4.450629221765054454e-03,1.792236680525512897e-03,nan,nan,nan,"[2, 95, 5, 15, 3, 8, 31, 4, 23, 11, 6, 46, 7, 19, 9, 59, 27, 38, 13, 70, 10, 17, 35, 51, 12, 25, 41, 29, 21]","[2, 95, 5, 15, 3, 8, 31, 4, 23, 11, 6, 46, 7, 19, 9, 59, 27, 38, 13, 70, 10, 17, 35, 51, 12, 25, 41, 29, 21]"
CPG,30,30,7.664211188052232377e+06,7.554982543,11.265290877,7.664211188052232377e+06,2.479446990336859133e+06,1.634337365968197118e+06,5.202341493278574980e-01,9.500533249263979491e-03,4.530463873107906702e-04,5.202341493278574980e-01,9.500533249263979491e-03,4.530463873107906702e-04,nan,nan,nan,"[95, 45, 27, 70, 59, 15, 86, 35, 51, 41, 8, 31, 23, 38, 33, 19, 5, 12, 29, 25, 28, 10, 17, 3, 21, 26, 88, 7, 68, 14]","[95, 45, 27, 70, 59, 15, 86, 35, 51, 41, 8, 31, 23, 38, 33, 19, 5, 12, 29, 25, 28, 10, 17, 3, 21, 26, 88, 7, 68, 14]"
Angular Defect Greedy,30,30,8.010691917241121829e+07,14.050806765,17.678373253,8.010691917241121829e+07,1.304941101744488440e+07,3.701446454018417746e+06,1.870801114542776714e-02,4.042987230918555601e-03,1.564814416273405812e-03,1.870801114542776714e-02,4.042987230918555601e-03,1.564814416273405812e-03,nan,nan,nan,"[2, 95, 5, 15, 3, 8, 31, 4, 23, 11, 6, 46, 7, 19, 9, 59, 27, 38, 13, 70, 10, 17, 35, 51, 12, 25, 41, 29, 21, 33]","[2, 95, 5, 15, 3, 8, 31, 4, 23, 11, 6, 46, 7, 19, 9, 59, 27, 38, 13, 70, 10, 17, 35, 51, 12, 25, 41, 29, 21, 33]"
